{"_default": {"1": {"uname": "snehal", "password": "wizard"}, "2": {"uname": "tanvi", "password": "wonderwoman"}, "3": {"uname": "vibha0108", "password": "supersecret"}, "4": {"uname": "vaishnavi", "password": "captchawiz"}, "5": {"uname": "snehal", "password": "12345"}, "6": {"uname": "yash1", "password": "12345"}, "7": {"uname": "aditya", "password": "12345"}, "8": {"uname": "sonu", "password": "12345"}, "9": {"uname": "nisha", "password": "12345"}, "10": {"uname": "ss", "password": "12345"}}}